movieId,rating,userId
318900012.0,4.8,1
205100137.0,4.7,2
422208973.0,4.9,3
204900013.0,4.6,4
253900006.0,4.6,5
200400003.0,4.9,6
422218358.0,4.9,7
200400004.0,4.9,8
422210400.0,4.1,9
205100146.0,4.7,10
422218359.0,4.9,11
422204795.0,4.9,12
422200236.0,5.0,13
422211183.0,4.7,14
422204884.0,4.9,15
422200152.0,5.0,16
422211240.0,4.8,17
422209322.0,4.5,18
249500007.0,4.8,19
422208972.0,4.9,20
422212331.0,4.7,21
422208913.0,4.8,22
204900024.0,4.8,23
253900003.0,4.7,24
231100005.0,4.7,25
422207844.0,5.0,26
205100136.0,4.7,27
422200306.0,4.5,28
422200632.0,4.8,29
204900056.0,4.7,30
206400019.0,4.8,31
422201504.0,4.9,32
211300007.0,4.7,33
422208181.0,4.8,34
422211241.0,4.8,35
100160022.0,4.4,36
318900005.0,4.8,37
422212333.0,4.7,38
100220035.0,4.9,39
249500011.0,4.9,40
422216352.0,4.9,41
204900025.0,4.5,42
224100009.0,4.8,43
422206648.0,4.7,44
422208975.0,4.9,45
422204259.0,4.7,46
100210023.0,4.9,47
327500002.0,4.8,48
422210980.0,4.7,49
422209262.0,5.0,50
422211640.0,4.7,51
422204904.0,4.7,52
422203173.0,5.0,53
204900089.0,4.5,54
253900004.0,4.7,55
422208974.0,4.9,56
422206248.0,4.7,57
422216298.0,0.0,58
249500019.0,4.4,59
422202025.0,4.9,60
422202569.0,4.5,61
422214283.0,4.9,62
422206645.0,4.7,63
422203617.0,4.7,64
310100003.0,4.8,65
422209491.0,4.8,66
422207968.0,5.0,67
211300002.0,4.8,68
422208910.0,4.5,69
249500021.0,4.8,70
100180148.0,4.7,71
422204910.0,4.7,72
422208328.0,5.0,73
206400009.0,4.6,74
245500001.0,4.7,75
422208157.0,4.6,76
422215665.0,4.8,77
100150058.0,4.6,78
308500037.0,4.9,79
422226334.0,4.5,80
422204388.0,4.3,81
204100054.0,5.0,82
308900002.0,4.8,83
422206035.0,4.8,84
422209671.0,4.5,85
204900004.0,4.7,86
207500007.0,4.9,87
371600006.0,4.7,88
422203301.0,4.6,89
422203776.0,3.9,90
293500050.0,4.7,91
253900005.0,4.8,92
248700035.0,4.7,93
422207865.0,4.5,94
243300007.0,3.9,95
224100008.0,4.9,96
422212100.0,4.6,97
318900011.0,4.8,98
422211876.0,4.9,99
422218362.0,4.8,100
418800002.0,4.9,101
422203449.0,4.7,102
100180113.0,4.4,103
308500004.0,4.9,104
318900002.0,4.5,105
422206644.0,4.7,106
308500001.0,4.9,107
358300002.0,4.7,108
422218365.0,4.9,109
204100003.0,4.7,110
100240016.0,4.9,111
422208977.0,4.9,112
253900010.0,4.3,113
422207149.0,4.8,114
422217972.0,4.8,115
422217029.0,4.8,116
200500283.0,4.8,117
422201700.0,4.4,118
422202579.0,4.5,119
318900009.0,4.6,120
422204167.0,4.9,121
422203096.0,5.0,122
422203235.0,4.7,123
200400039.0,4.4,124
422206435.0,4.8,125
422214044.0,4.6,126
253900007.0,4.7,127
422217959.0,0.0,128
100150067.0,5.0,129
343700002.0,4.3,130
422203645.0,4.9,131
224100019.0,4.7,132
422203509.0,4.0,133
357100008.0,4.5,134
422204281.0,4.7,135
422215451.0,5.0,136
422207866.0,4.5,137
100190059.0,4.7,138
206400011.0,4.6,139
249500013.0,4.8,140
224100022.0,4.9,141
422214282.0,0.0,142
345800027.0,4.6,143
204100013.0,4.8,144
422203609.0,4.7,145
422212532.0,5.0,146
100230069.0,4.9,147
422218796.0,4.7,148
422206154.0,4.0,149
223600026.0,4.8,150
217300001.0,4.1,151
357100011.0,4.5,152
345800001.0,4.9,153
293500043.0,4.8,154
422220080.0,4.9,155
422218360.0,0.0,156
422214147.0,4.7,157
422206957.0,5.0,158
293500006.0,4.8,159
211300008.0,4.7,160
308100023.0,4.9,161
422204906.0,4.7,162
422210468.0,4.8,163
422204576.0,4.3,164
422206774.0,5.0,165
422208769.0,5.0,166
201600166.0,5.0,167
422204575.0,4.6,168
422204231.0,4.6,169
422203282.0,4.8,170
422219813.0,4.8,171
422204775.0,4.8,172
211300005.0,4.5,173
422206103.0,4.6,174
422210956.0,5.0,175
422201822.0,5.0,176
207500008.0,4.9,177
422206097.0,5.0,178
214000001.0,4.5,179
422214672.0,3.7,180
223600034.0,4.6,181
422204604.0,4.0,182
422216354.0,4.9,183
422210197.0,5.0,184
422201302.0,5.0,185
422205152.0,5.0,186
418800004.0,4.9,187
222600057.0,4.8,188
422214633.0,5.0,189
422222786.0,4.8,190
201600074.0,4.9,191
358300001.0,4.5,192
422215345.0,4.9,193
224100029.0,4.9,194
249500014.0,4.9,195
204900086.0,5.0,196
422207151.0,4.8,197
204100024.0,4.8,198
200400012.0,4.6,199
100230056.0,4.9,200
422209841.0,4.8,201
422209795.0,4.9,202
422209704.0,4.8,203
422217971.0,4.8,204
422209703.0,4.8,205
422209052.0,4.9,206
422204312.0,5.0,207
351700026.0,4.5,208
249500028.0,4.8,209
422202580.0,4.7,210
422203979.0,4.8,211
422204027.0,4.1,212
200500095.0,4.8,213
224100010.0,4.5,214
224100016.0,4.4,215
204100023.0,4.9,216
422201448.0,5.0,217
343100029.0,4.9,218
249500001.0,4.9,219
422217992.0,4.8,220
422205151.0,5.0,221
422211334.0,4.5,222
422200367.0,5.0,223
422203671.0,4.9,224
422209420.0,4.6,225
422217271.0,5.0,226
222600006.0,5.0,227
422208976.0,4.9,228
422203807.0,3.9,229
422214577.0,0.0,230
422200036.0,4.4,231
225300001.0,4.0,232
100180184.0,4.8,233
386000015.0,4.8,234
206400004.0,4.6,235
232500022.0,4.6,236
422221764.0,4.7,237
422207148.0,4.8,238
422205820.0,4.5,239
422200308.0,4.6,240
422206100.0,4.6,241
422207323.0,3.7,242
422202629.0,4.8,243
422206101.0,4.6,244
422210784.0,4.7,245
237800005.0,4.8,246
422208763.0,4.7,247
422204313.0,4.9,248
222600049.0,5.0,249
422222133.0,5.0,250
100250033.0,4.7,251
422203182.0,4.9,252
204100019.0,5.0,253
422206539.0,5.0,254
422205498.0,4.4,255
422216270.0,4.9,256
201600081.0,5.0,257
422201090.0,4.8,258
422204754.0,2.0,259
422203302.0,4.6,260
100180030.0,5.0,261
100150083.0,4.7,262
100150018.0,5.0,263
201600019.0,4.9,264
422213290.0,5.0,265
422218363.0,5.0,266
422212871.0,5.0,267
204900145.0,4.7,268
422211195.0,4.8,269
357100004.0,4.5,270
422200305.0,4.5,271
422207736.0,4.8,272
422211389.0,4.7,273
422212329.0,5.0,274
256700003.0,4.6,275
422204028.0,4.1,276
422200375.0,5.0,277
422202841.0,5.0,278
422209705.0,4.8,279
422208059.0,4.9,280
201600143.0,0.0,281
422216515.0,5.0,282
422220470.0,4.6,283
358700005.0,5.0,284
358700003.0,4.2,285
422205346.0,4.8,286
253900002.0,4.8,287
422208981.0,4.7,288
343100024.0,4.8,289
422207629.0,4.9,290
100220009.0,4.8,291
422206922.0,4.1,292
245500010.0,4.7,293
422215804.0,4.8,294
422204825.0,4.9,295
201600135.0,4.8,296
422218109.0,0.0,297
100160006.0,3.1,298
422213289.0,4.5,299
422214187.0,0.0,300
223600035.0,4.8,301
223600048.0,4.6,302
256700002.0,4.8,303
422207793.0,4.8,304
422207147.0,4.8,305
201600182.0,4.8,306
422208985.0,5.0,307
422216297.0,0.0,308
371600007.0,4.8,309
422209940.0,4.0,310
318900019.0,4.8,311
422200002.0,4.8,312
377400001.0,4.6,313
345800015.0,4.7,314
248700042.0,4.9,315
204100070.0,4.9,316
204100071.0,4.9,317
293500005.0,4.5,318
422211501.0,4.5,319
223600009.0,4.6,320
422204902.0,4.3,321
422207810.0,4.6,322
422207121.0,5.0,323
422211276.0,4.7,324
204100018.0,4.6,325
204900002.0,5.0,326
422222531.0,0.0,327
224100007.0,4.2,328
422209048.0,4.8,329
422202362.0,4.5,330
422212061.0,4.7,331
222600015.0,4.8,332
422211447.0,4.7,333
422218099.0,4.8,334
201900001.0,4.8,335
422206149.0,4.7,336
345800013.0,4.3,337
100250014.0,4.4,338
422206972.0,4.9,339
226200018.0,4.8,340
304300001.0,4.7,341
329700005.0,5.0,342
204900039.0,0.0,343
422203510.0,4.5,344
422209132.0,0.0,345
100140042.0,4.9,346
100210020.0,4.7,347
422213474.0,0.0,348
422216344.0,3.0,349
422217970.0,4.8,350
422213957.0,5.0,351
422203485.0,5.0,352
422207417.0,4.8,353
204100025.0,4.5,354
422221873.0,4.9,355
422202632.0,4.9,356
422208242.0,4.8,357
100150039.0,3.5,358
204900005.0,4.8,359
204900120.0,4.0,360
422206647.0,4.0,361
422220081.0,4.9,362
422213288.0,5.0,363
422211218.0,5.0,364
422208983.0,4.7,365
422207122.0,4.9,366
223600010.0,4.6,367
422202017.0,0.0,368
422213286.0,0.0,369
422212531.0,0.0,370
422209173.0,5.0,371
422209415.0,4.0,372
422217842.0,5.0,373
358700002.0,4.0,374
248700076.0,4.8,375
422207283.0,4.7,376
204900159.0,4.7,377
224100003.0,4.1,378
422213992.0,4.3,379
206400010.0,4.6,380
422215426.0,5.0,381
100270011.0,5.0,382
204100052.0,4.3,383
422215273.0,0.0,384
422214146.0,4.7,385
223600016.0,4.1,386
422221746.0,4.9,387
422207150.0,4.8,388
345800002.0,4.5,389
422207415.0,4.6,390
223600003.0,4.4,391
422208807.0,4.7,392
422207233.0,4.0,393
422216493.0,4.5,394
422215666.0,4.8,395
248700054.0,4.9,396
422201117.0,4.9,397
422205552.0,0.0,398
200400013.0,0.0,399
422219682.0,5.0,400
422219861.0,4.5,401
422205345.0,5.0,402
422213524.0,0.0,403
100180189.0,4.6,404
422218277.0,5.0,405
422210950.0,0.0,406
200900037.0,4.5,407
222600055.0,5.0,408
201600144.0,4.8,409
422204657.0,4.9,410
422217843.0,5.0,411
422215425.0,5.0,412
201600206.0,0.0,413
223600058.0,4.7,414
422203809.0,3.9,415
232500001.0,4.6,416
422211230.0,4.3,417
422206504.0,5.0,418
201600072.0,4.2,419
100150059.0,4.6,420
422214148.0,4.5,421
232100012.0,3.8,422
100230070.0,4.9,423
222600030.0,5.0,424
422219890.0,0.0,425
422205333.0,5.0,426
422206102.0,4.6,427
100100001.0,4.8,428
422219149.0,5.0,429
422207892.0,4.3,430
422213308.0,4.5,431
422217961.0,5.0,432
422215334.0,5.0,433
422205382.0,4.3,434
422205434.0,4.9,435
422200736.0,4.5,436
204900128.0,4.7,437
422203299.0,5.0,438
422201120.0,4.7,439
422220083.0,5.0,440
422217476.0,0.0,441
237100001.0,4.0,442
422213991.0,0.0,443
422209314.0,3.4,444
249500027.0,4.4,445
204900116.0,4.5,446
422210146.0,4.6,447
422216676.0,0.0,448
422203534.0,5.0,449
331300002.0,4.5,450
213300003.0,4.7,451
245500002.0,4.7,452
331300023.0,4.1,453
422205673.0,4.6,454
256700017.0,4.9,455
100550385.0,4.9,456
422202151.0,4.8,457
204900157.0,5.0,458
345800014.0,4.3,459
200400048.0,4.3,460
422203146.0,4.8,461
422209707.0,4.8,462
422203477.0,4.0,463
422219317.0,0.0,464
422205736.0,0.0,465
318900003.0,4.8,466
422205600.0,4.8,467
422209134.0,0.0,468
422203670.0,4.4,469
224100004.0,5.0,470
422200342.0,4.9,471
422213068.0,0.0,472
422209706.0,4.8,473
422209053.0,5.0,474
422214928.0,0.0,475
293500010.0,5.0,476
318900006.0,4.3,477
422212314.0,5.0,478
422222535.0,4.7,479
422214186.0,5.0,480
422215556.0,5.0,481
412800002.0,4.8,482
386000014.0,4.8,483
422218826.0,5.0,484
201900022.0,3.0,485
422206798.0,5.0,486
422207868.0,5.0,487
204100077.0,5.0,488
249500010.0,4.4,489
224100033.0,4.4,490
248100018.0,5.0,491
422218827.0,5.0,492
213300012.0,3.5,493
365000017.0,4.6,494
422216287.0,5.0,495
422207792.0,4.8,496
422215348.0,5.0,497
422206421.0,4.1,498
422211974.0,4.7,499
422215274.0,4.5,500
422205150.0,4.8,501
422219022.0,5.0,502
422207795.0,4.8,503
100210016.0,4.5,504
422209295.0,5.0,505
422205053.0,4.5,506
422205163.0,4.9,507
248700003.0,4.9,508
422208830.0,4.7,509
422204792.0,4.0,510
422203476.0,4.0,511
200500293.0,4.8,512
422203535.0,5.0,513
422203132.0,0.0,514
422207893.0,3.0,515
422212248.0,4.0,516
100160021.0,4.2,517
422218339.0,1.0,518
422209042.0,5.0,519
308500035.0,4.6,520
223600039.0,4.1,521
345800003.0,4.6,522
331300007.0,5.0,523
419200010.0,5.0,524
422201374.0,4.8,525
422209047.0,4.8,526
422210954.0,5.0,527
318900022.0,3.4,528
422205932.0,4.7,529
422219308.0,4.9,530
422203541.0,4.9,531
100150033.0,4.7,532
422203505.0,4.9,533
422207812.0,5.0,534
422213958.0,0.0,535
207500001.0,4.9,536
422219147.0,5.0,537
208000001.0,4.8,538
422208325.0,4.4,539
100230059.0,4.9,540
226200019.0,4.8,541
422200376.0,4.4,542
422205622.0,4.6,543
422214001.0,5.0,544
422211388.0,5.0,545
422218572.0,5.0,546
422205683.0,4.5,547
201600141.0,4.8,548
422208238.0,5.0,549
422202045.0,4.9,550
422202531.0,4.8,551
293500011.0,5.0,552
422215349.0,5.0,553
201600200.0,0.0,554
422208061.0,4.8,555
248700053.0,4.9,556
422202253.0,4.9,557
100170017.0,4.5,558
422218657.0,4.7,559
422210279.0,4.6,560
422209046.0,5.0,561
100220010.0,4.8,562
422216594.0,4.9,563
422210943.0,3.5,564
422209710.0,4.8,565
100150072.0,5.0,566
422218132.0,4.9,567
422209255.0,4.0,568
422204924.0,3.0,569
243900012.0,5.0,570
308500018.0,4.9,571
422219287.0,5.0,572
251900019.0,4.9,573
422216449.0,4.5,574
422203145.0,4.4,575
201600067.0,0.0,576
422212313.0,5.0,577
422216416.0,4.6,578
422218100.0,4.8,579
204100021.0,5.0,580
204900119.0,5.0,581
308500013.0,4.9,582
422219888.0,0.0,583
422204777.0,4.1,584
243900004.0,5.0,585
422209718.0,4.8,586
412800003.0,4.8,587
422209095.0,5.0,588
422209663.0,4.5,589
249500006.0,4.9,590
422201725.0,5.0,591
422216556.0,4.9,592
213300058.0,3.6,593
422201124.0,4.5,594
422205692.0,4.9,595
422216516.0,0.0,596
201600198.0,4.2,597
100150036.0,5.0,598
422220040.0,0.0,599
422204151.0,5.0,600
422203798.0,0.0,601
304900038.0,4.9,602
422204659.0,4.9,603
422211231.0,5.0,604
358300003.0,5.0,605
422217840.0,5.0,606
422218902.0,0.0,607
422200264.0,4.5,608
204100082.0,5.0,609
422218283.0,4.8,610
422209717.0,4.8,611
422206541.0,4.8,612
226200009.0,5.0,613
422205884.0,4.0,614
422206513.0,5.0,615
100140034.0,4.0,616
422209719.0,4.8,617
422216296.0,4.0,618
304300002.0,4.6,619
223600001.0,4.4,620
422205819.0,4.5,621
422206141.0,4.5,622
422204776.0,4.4,623
422212874.0,0.0,624
224100017.0,4.7,625
422218571.0,5.0,626
422205810.0,4.6,627
422214579.0,0.0,628
422205326.0,0.0,629
304300003.0,4.6,630
422206537.0,5.0,631
100190050.0,0.0,632
249500005.0,4.4,633
422213959.0,0.0,634
422206917.0,4.2,635
204100037.0,5.0,636
422218905.0,5.0,637
422207423.0,4.5,638
422208183.0,4.6,639
422209443.0,4.3,640
422206921.0,4.4,641
222600033.0,5.0,642
422204925.0,3.9,643
331300017.0,4.5,644
100180029.0,3.7,645
365000018.0,4.6,646
422202727.0,0.0,647
422208934.0,3.5,648
422206437.0,3.2,649
422218342.0,5.0,650
207300009.0,4.8,651
422205227.0,4.7,652
422212361.0,5.0,653
422203470.0,4.9,654
422207791.0,4.8,655
248700075.0,4.8,656
422210751.0,4.5,657
422214185.0,0.0,658
422218113.0,0.0,659
100150065.0,5.0,660
222600042.0,4.4,661
422219580.0,4.8,662
422209254.0,5.0,663
422209709.0,4.8,664
422205211.0,4.4,665
422219399.0,5.0,666
225200013.0,4.8,667
422219995.0,0.0,668
200500289.0,4.0,669
201600165.0,0.0,670
422216553.0,0.0,671
422209708.0,4.8,672
365000015.0,4.6,673
422203506.0,4.5,674
422210192.0,5.0,675
422222544.0,5.0,676
422218098.0,4.8,677
226200023.0,5.0,678
422219288.0,5.0,679
345800009.0,4.9,680
222600053.0,5.0,681
422205242.0,5.0,682
422209444.0,4.3,683
422208862.0,4.5,684
422208811.0,5.0,685
422206822.0,4.8,686
308500015.0,4.9,687
223600023.0,4.5,688
422207959.0,0.0,689
422203484.0,5.0,690
422209605.0,4.9,691
308100018.0,4.9,692
208200014.0,4.9,693
422219887.0,0.0,694
422211998.0,0.0,695
422203976.0,4.9,696
422218364.0,0.0,697
206700001.0,4.4,698
226200003.0,5.0,699
422214134.0,5.0,700
422200265.0,4.5,701
422207414.0,4.8,702
422210281.0,4.6,703
422206716.0,5.0,704
422211219.0,4.7,705
204900010.0,4.5,706
205100236.0,5.0,707
422203478.0,0.0,708
222600008.0,4.3,709
377400002.0,4.9,710
100240071.0,5.0,711
249500004.0,4.8,712
207500002.0,4.9,713
422205805.0,4.6,714
422217964.0,0.0,715
308500009.0,4.9,716
204100078.0,5.0,717
422219400.0,5.0,718
365000014.0,4.6,719
422208160.0,5.0,720
422201356.0,4.9,721
422212533.0,0.0,722
422217841.0,5.0,723
225300002.0,4.0,724
422206511.0,4.7,725
422214149.0,4.7,726
422200182.0,5.0,727
100150093.0,5.0,728
422209796.0,5.0,729
422203471.0,4.9,730
422204150.0,5.0,731
204900009.0,4.8,732
422220084.0,5.0,733
422205181.0,4.7,734
365000016.0,4.6,735
100130010.0,5.0,736
422207849.0,0.0,737
422202173.0,4.7,738
422209604.0,5.0,739
422218573.0,5.0,740
422211606.0,5.0,741
422203479.0,0.0,742
232100005.0,5.0,743
422208817.0,5.0,744
422214159.0,5.0,745
422219683.0,5.0,746
422205811.0,4.6,747
365000019.0,4.6,748
422208345.0,4.1,749
422210712.0,0.0,750
204100027.0,5.0,751
422215090.0,0.0,752
422205120.0,0.0,753
422212330.0,4.6,754
422218629.0,4.5,755
422207807.0,4.7,756
422211909.0,4.9,757
422203463.0,3.8,758
100230057.0,4.9,759
100150066.0,5.0,760
422219318.0,0.0,761
422207575.0,0.0,762
232500021.0,5.0,763
422207021.0,5.0,764
422205809.0,4.6,765
204100053.0,4.0,766
422215270.0,0.0,767
201600003.0,3.5,768
422208890.0,4.7,769
422218380.0,0.0,770
422215946.0,3.7,771
422217913.0,0.0,772
422206030.0,0.0,773
422203473.0,4.0,774
422218426.0,0.0,775
214000012.0,4.4,776
422200365.0,5.0,777
422211997.0,4.3,778
422211840.0,5.0,779
204000071.0,4.8,780
422212326.0,5.0,781
345800028.0,4.3,782
422206897.0,0.0,783
422212374.0,5.0,784
331300019.0,5.0,785
422218829.0,5.0,786
422209634.0,4.6,787
248700001.0,4.6,788
422211490.0,4.4,789
422210957.0,5.0,790
248700057.0,5.0,791
201100040.0,5.0,792
422209045.0,5.0,793
329700004.0,5.0,794
422211119.0,5.0,795
204900155.0,5.0,796
422201092.0,5.0,797
422218332.0,0.0,798
422219286.0,5.0,799
422216896.0,5.0,800
256700007.0,4.8,801
222600014.0,4.8,802
422211489.0,4.8,803
422209724.0,4.8,804
422211111.0,5.0,805
422217820.0,0.0,806
226200017.0,4.3,807
399200001.0,4.7,808
422216487.0,4.8,809
213300004.0,5.0,810
318900010.0,4.6,811
422211530.0,5.0,812
422217091.0,5.0,813
422212373.0,5.0,814
422202168.0,5.0,815
422207413.0,4.4,816
422218897.0,5.0,817
422207030.0,0.0,818
422203542.0,4.3,819
422218101.0,4.8,820
422217698.0,0.0,821
422210047.0,4.6,822
100190049.0,0.0,823
422218203.0,4.0,824
201600068.0,0.0,825
222600028.0,5.0,826
422204947.0,4.7,827
223600040.0,4.1,828
422206151.0,0.0,829
422215947.0,4.0,830
422201119.0,4.7,831
422214321.0,4.1,832
422219322.0,5.0,833
224100002.0,4.1,834
422214343.0,5.0,835
204000033.0,4.8,836
422218631.0,4.5,837
343100041.0,4.6,838
256700012.0,4.8,839
422210280.0,4.6,840
100250032.0,4.7,841
232500011.0,5.0,842
422207787.0,4.8,843
422220043.0,0.0,844
422205808.0,4.6,845
355500010.0,4.1,846
422219323.0,5.0,847
422203371.0,4.3,848
213300094.0,4.4,849
222600031.0,5.0,850
422210591.0,0.0,851
256700020.0,5.0,852
422218110.0,0.0,853
422211878.0,4.7,854
422216596.0,5.0,855
422207401.0,5.0,856
422217229.0,0.0,857
422213287.0,0.0,858
422206823.0,4.8,859
100180089.0,4.7,860
422219315.0,5.0,861
422208837.0,1.0,862
422218116.0,0.0,863
422219320.0,5.0,864
422206512.0,5.0,865
249500002.0,4.8,866
422208920.0,5.0,867
293500009.0,0.0,868
422207400.0,5.0,869
422216990.0,4.1,870
422207729.0,5.0,871
200400041.0,4.0,872
422219537.0,0.0,873
422216271.0,4.9,874
365000013.0,4.6,875
422222068.0,0.0,876
422219812.0,0.0,877
422217967.0,5.0,878
422216831.0,5.0,879
422202684.0,0.0,880
223600032.0,4.7,881
422209699.0,4.2,882
422208889.0,0.0,883
345800007.0,4.9,884
100270008.0,4.8,885
422218633.0,4.5,886
422222530.0,0.0,887
422215269.0,0.0,888
422214281.0,0.0,889
422219223.0,5.0,890
256700001.0,4.9,891
422211229.0,5.0,892
422205806.0,4.6,893
422209215.0,0.0,894
206200037.0,4.8,895
422216812.0,0.0,896
100180086.0,0.0,897
422217965.0,0.0,898
204100079.0,5.0,899
422200377.0,4.4,900
422205885.0,3.5,901
422219818.0,0.0,902
422208329.0,5.0,903
201600157.0,5.0,904
422221765.0,5.0,905
223600057.0,0.0,906
251900024.0,5.0,907
422219558.0,4.4,908
422201809.0,4.7,909
422205415.0,5.0,910
422200039.0,4.8,911
422206042.0,4.8,912
248700027.0,4.8,913
422214339.0,4.8,914
223600036.0,4.4,915
422205804.0,4.6,916
422217353.0,0.0,917
232100003.0,5.0,918
422215347.0,5.0,919
422211548.0,4.8,920
422217000.0,0.0,921
248700056.0,5.0,922
422219589.0,0.0,923
318900017.0,5.0,924
422204913.0,0.0,925
100230064.0,4.9,926
100230071.0,5.0,927
248700041.0,4.7,928
422206540.0,0.0,929
224100001.0,5.0,930
206200062.0,5.0,931
422221951.0,4.9,932
422216292.0,5.0,933
422218746.0,4.8,934
422218828.0,5.0,935
422207411.0,4.4,936
100120068.0,5.0,937
100230077.0,4.0,938
204000059.0,4.6,939
100190183.0,4.8,940
421800001.0,4.8,941
422205240.0,5.0,942
422207386.0,0.0,943
422209426.0,4.0,944
422204145.0,5.0,945
256700011.0,4.8,946
422211999.0,5.0,947
422218333.0,0.0,948
249500012.0,4.6,949
422215431.0,5.0,950
422208075.0,2.0,951
422201352.0,3.6,952
213300013.0,4.8,953
331300001.0,5.0,954
422219661.0,0.0,955
422209720.0,4.8,956
248700043.0,5.0,957
422206043.0,4.8,958
422213279.0,5.0,959
422211549.0,4.8,960
422200266.0,4.5,961
422214011.0,5.0,962
422209711.0,4.8,963
248700073.0,4.4,964
100220037.0,4.8,965
422212097.0,4.6,966
293500014.0,4.5,967
422219588.0,0.0,968
100190176.0,5.0,969
422222543.0,5.0,970
422216605.0,5.0,971
422209431.0,4.0,972
419200006.0,5.0,973
248700040.0,5.0,974
222200007.0,5.0,975
386000044.0,5.0,976
422208164.0,0.0,977
213300005.0,5.0,978
422205122.0,5.0,979
100280011.0,4.8,980
365000011.0,4.6,981
422216603.0,4.8,982
422216602.0,4.5,983
204900080.0,5.0,984
422217845.0,0.0,985
248700002.0,4.5,986
422208861.0,5.0,987
422217958.0,0.0,988
422211200.0,5.0,989
248700072.0,5.0,990
422214372.0,0.0,991
422208764.0,5.0,992
422205162.0,4.9,993
345800008.0,4.9,994
422207808.0,5.0,995
237800007.0,5.0,996
213300001.0,4.9,997
422207023.0,5.0,998
253900009.0,4.8,999
413400001.0,4.5,1000
422207815.0,4.6,1001
422200887.0,0.0,1002
422209235.0,0.0,1003
422214000.0,3.3,1004
422212892.0,4.7,1005
422203901.0,4.7,1006
422209635.0,4.6,1007
422209643.0,0.0,1008
226200025.0,0.0,1009
422217955.0,0.0,1010
422214117.0,4.8,1011
422202153.0,4.8,1012
365000012.0,4.6,1013
422210480.0,0.0,1014
422213999.0,0.0,1015
422210948.0,5.0,1016
422205888.0,5.0,1017
204100075.0,5.0,1018
422215526.0,5.0,1019
422219862.0,0.0,1020
422214342.0,4.7,1021
100230076.0,4.0,1022
422216064.0,0.0,1023
422216098.0,4.5,1024
422206806.0,4.3,1025
293500004.0,0.0,1026
100750038.0,4.6,1027
248700102.0,4.6,1028
422222135.0,5.0,1029
422209094.0,5.0,1030
422209427.0,4.0,1031
422215096.0,4.0,1032
422202864.0,0.0,1033
422222532.0,0.0,1034
422204914.0,5.0,1035
422200151.0,5.0,1036
213300016.0,4.9,1037
422209296.0,5.0,1038
422207574.0,0.0,1039
422220041.0,0.0,1040
422222134.0,5.0,1041
422203321.0,5.0,1042
223600017.0,5.0,1043
422217480.0,4.8,1044
422210711.0,5.0,1045
422207677.0,4.8,1046
248700032.0,4.2,1047
422219216.0,5.0,1048
422216293.0,5.0,1049
100210015.0,4.8,1050
422220469.0,4.5,1051
248700074.0,4.8,1052
100150091.0,5.0,1053
422209430.0,4.0,1054
422210198.0,5.0,1055
422219666.0,0.0,1056
100180080.0,5.0,1057
422205635.0,4.9,1058
222600056.0,0.0,1059
422206824.0,4.8,1060
422207020.0,5.0,1061
422212360.0,5.0,1062
343100028.0,5.0,1063
422219150.0,5.0,1064
264500018.0,4.3,1065
422209374.0,0.0,1066
386000042.0,5.0,1067
248700034.0,4.7,1068
422203143.0,4.0,1069
422215267.0,4.5,1070
422208781.0,5.0,1071
422216214.0,0.0,1072
100150041.0,3.5,1073
422213312.0,4.6,1074
422220398.0,0.0,1075
422201354.0,5.0,1076
422218202.0,4.0,1077
222600052.0,5.0,1078
422205375.0,5.0,1079
422208327.0,5.0,1080
422217292.0,4.8,1081
422205164.0,4.9,1082
386000008.0,4.8,1083
226200031.0,5.0,1084
422203298.0,5.0,1085
422207655.0,5.0,1086
422212343.0,0.0,1087
422221911.0,5.0,1088
422212247.0,5.0,1089
422217478.0,0.0,1090
422219587.0,0.0,1091
213300007.0,4.8,1092
309300012.0,4.5,1093
422207870.0,0.0,1094
422219577.0,4.9,1095
222600016.0,5.0,1096
335100004.0,5.0,1097
422207799.0,4.6,1098
422216291.0,5.0,1099
100900001.0,4.2,1100
422215608.0,5.0,1101
422207869.0,0.0,1102
422201366.0,4.8,1103
422218103.0,0.0,1104
422202216.0,4.8,1105
422205612.0,0.0,1106
422207161.0,5.0,1107
422201774.0,5.0,1108
422205160.0,4.9,1109
422214340.0,4.8,1110
422212873.0,0.0,1111
422206144.0,4.3,1112
422215124.0,0.0,1113
422207219.0,3.0,1114
422210445.0,4.5,1115
422205807.0,4.6,1116
422212870.0,5.0,1117
204900127.0,4.7,1118
248700055.0,5.0,1119
304900016.0,4.9,1120
207500003.0,5.0,1121
422207794.0,4.8,1122
422200262.0,4.5,1123
422212375.0,5.0,1124
422218613.0,0.0,1125
422217969.0,0.0,1126
225200015.0,4.8,1127
226200007.0,5.0,1128
422220466.0,4.8,1129
100210014.0,5.0,1130
213300064.0,4.7,1131
201600191.0,0.0,1132
422208156.0,4.6,1133
422219891.0,0.0,1134
213300093.0,3.4,1135
213300011.0,3.4,1136
422205637.0,4.9,1137
422219446.0,0.0,1138
422208859.0,4.0,1139
422218634.0,0.0,1140
248700058.0,5.0,1141
422219586.0,0.0,1142
422210709.0,5.0,1143
422216552.0,0.0,1144
232500014.0,5.0,1145
422219024.0,0.0,1146
422216668.0,0.0,1147
201100053.0,3.0,1148
206200079.0,5.0,1149
248700105.0,4.6,1150
422219512.0,0.0,1151
422209722.0,4.8,1152
422209636.0,4.6,1153
422207731.0,5.0,1154
365000020.0,4.6,1155
422209428.0,4.0,1156
100900003.0,0.0,1157
248700059.0,3.8,1158
248700052.0,4.9,1159
422204787.0,5.0,1160
355500011.0,4.1,1161
350900001.0,5.0,1162
256700006.0,4.5,1163
422218254.0,0.0,1164
335100011.0,5.0,1165
422203300.0,4.6,1166
200400038.0,4.5,1167
422220606.0,4.7,1168
422216289.0,5.0,1169
331300006.0,5.0,1170
422202421.0,5.0,1171
422214012.0,5.0,1172
422215201.0,0.0,1173
206200075.0,0.0,1174
422207562.0,4.9,1175
422216266.0,4.8,1176
422215362.0,5.0,1177
422209198.0,5.0,1178
422206583.0,5.0,1179
213300043.0,5.0,1180
100230026.0,4.8,1181
422214002.0,4.5,1182
422207826.0,4.5,1183
422216295.0,5.0,1184
331300018.0,0.0,1185
422205629.0,4.9,1186
422220598.0,0.0,1187
422219579.0,0.0,1188
422200063.0,5.0,1189
422201123.0,4.0,1190
248700062.0,5.0,1191
422203765.0,3.0,1192
245500009.0,4.7,1193
422211446.0,4.7,1194
201600078.0,0.0,1195
422219670.0,0.0,1196
226200001.0,3.5,1197
422218200.0,4.0,1198
422206775.0,0.0,1199
422207117.0,5.0,1200
,,1201
,,1202
,,1203
,,1204
,,1205
,,1206
,,1207
,,1208
,,1209
,,1210
,,1211
,,1212
,,1213
,,1214
,,1215
,,1216
,,1217
,,1218
,,1219
,,1220
,,1221
,,1222
,,1223
,,1224
,,1225
,,1226
,,1227
,,1228
,,1229
,,1230
,,1231
,,1232
,,1233
,,1234
,,1235
,,1236
,,1237
,,1238
,,1239
,,1240
,,1241
,,1242
,,1243
,,1244
,,1245
,,1246
,,1247
,,1248
,,1249
,,1250
,,1251
,,1252
,,1253
,,1254
,,1255
,,1256
,,1257
,,1258
,,1259
,,1260
,,1261
,,1262
,,1263
,,1264
,,1265
,,1266
,,1267
,,1268
,,1269
,,1270
,,1271
,,1272
,,1273
,,1274
,,1275
,,1276
,,1277
,,1278
,,1279
,,1280
,,1281
,,1282
,,1283
,,1284
,,1285
,,1286
,,1287
,,1288
,,1289
,,1290
,,1291
,,1292
,,1293
,,1294
,,1295
,,1296
,,1297
,,1298
,,1299
,,1300
,,1301
,,1302
,,1303
,,1304
,,1305
,,1306
,,1307
,,1308
,,1309
,,1310
,,1311
,,1312
,,1313
,,1314
,,1315
,,1316
,,1317
,,1318
,,1319
,,1320
,,1321
,,1322
,,1323
,,1324
,,1325
,,1326
,,1327
,,1328
,,1329
,,1330
,,1331
,,1332
,,1333
,,1334
,,1335
,,1336
,,1337
,,1338
,,1339
,,1340
,,1341
,,1342
,,1343
,,1344
,,1345
,,1346
,,1347
,,1348
,,1349
,,1350
,,1351
,,1352
,,1353
,,1354
,,1355
,,1356
,,1357
,,1358
,,1359
,,1360
,,1361
,,1362
,,1363
,,1364
,,1365
,,1366
,,1367
,,1368
,,1369
,,1370
,,1371
,,1372
,,1373
,,1374
,,1375
,,1376
,,1377
,,1378
,,1379
,,1380
,,1381
,,1382
,,1383
,,1384
,,1385
,,1386
,,1387
,,1388
,,1389
,,1390
,,1391
,,1392
,,1393
,,1394
,,1395
,,1396
,,1397
,,1398
,,1399
,,1400
,,1401
,,1402
,,1403
,,1404
,,1405
,,1406
,,1407
,,1408
,,1409
,,1410
,,1411
,,1412
,,1413
,,1414
,,1415
,,1416
,,1417
,,1418
,,1419
,,1420
,,1421
,,1422
,,1423
,,1424
,,1425
,,1426
,,1427
,,1428
,,1429
,,1430
,,1431
,,1432
,,1433
,,1434
,,1435
,,1436
,,1437
,,1438
,,1439
,,1440
,,1441
,,1442
,,1443
,,1444
,,1445
,,1446
,,1447
,,1448
,,1449
,,1450
,,1451
,,1452
,,1453
,,1454
,,1455
,,1456
,,1457
,,1458
,,1459
,,1460
,,1461
,,1462
,,1463
,,1464
,,1465
,,1466
,,1467
,,1468
,,1469
,,1470
,,1471
,,1472
,,1473
,,1474
,,1475
,,1476
,,1477
,,1478
,,1479
,,1480
,,1481
,,1482
,,1483
,,1484
,,1485
,,1486
,,1487
,,1488
,,1489
,,1490
,,1491
,,1492
,,1493
,,1494
,,1495
,,1496
,,1497
,,1498
,,1499
,,1500
,,1501
,,1502
,,1503
,,1504
,,1505
,,1506
,,1507
,,1508
,,1509
,,1510
,,1511
,,1512
,,1513
,,1514
,,1515
,,1516
,,1517
,,1518
,,1519
,,1520
,,1521
,,1522
,,1523
,,1524
,,1525
,,1526
,,1527
,,1528
,,1529
,,1530
,,1531
,,1532
,,1533
,,1534
,,1535
,,1536
,,1537
,,1538
,,1539
,,1540
,,1541
,,1542
,,1543
,,1544
,,1545
,,1546
,,1547
,,1548
,,1549
,,1550
,,1551
,,1552
,,1553
,,1554
,,1555
,,1556
,,1557
,,1558
,,1559
,,1560
,,1561
,,1562
,,1563
,,1564
,,1565
,,1566
,,1567
,,1568
,,1569
,,1570
,,1571
,,1572
,,1573
,,1574
,,1575
,,1576
,,1577
,,1578
,,1579
,,1580
,,1581
,,1582
,,1583
,,1584
,,1585
,,1586
,,1587
,,1588
,,1589
,,1590
,,1591
,,1592
,,1593
,,1594
,,1595
,,1596
,,1597
,,1598
,,1599
,,1600
,,1601
,,1602
,,1603
,,1604
,,1605
,,1606
,,1607
,,1608
,,1609
,,1610
,,1611
,,1612
,,1613
,,1614
,,1615
,,1616
,,1617
,,1618
,,1619
,,1620
,,1621
,,1622
,,1623
,,1624
,,1625
,,1626
,,1627
,,1628
,,1629
,,1630
,,1631
,,1632
,,1633
,,1634
,,1635
,,1636
,,1637
,,1638
,,1639
,,1640
,,1641
,,1642
,,1643
,,1644
,,1645
,,1646
,,1647
,,1648
,,1649
,,1650
,,1651
,,1652
,,1653
,,1654
,,1655
,,1656
,,1657
,,1658
,,1659
,,1660
,,1661
,,1662
,,1663
,,1664
,,1665
,,1666
,,1667
,,1668
,,1669
,,1670
,,1671
,,1672
,,1673
,,1674
,,1675
,,1676
,,1677
,,1678
,,1679
,,1680
,,1681
,,1682
,,1683
,,1684
,,1685
,,1686
,,1687
,,1688
,,1689
,,1690
,,1691
,,1692
,,1693
,,1694
,,1695
,,1696
,,1697
,,1698
,,1699
,,1700
,,1701
,,1702
,,1703
,,1704
,,1705
,,1706
,,1707
,,1708
,,1709
,,1710
,,1711
,,1712
,,1713
,,1714
,,1715
,,1716
,,1717
,,1718
,,1719
,,1720
,,1721
,,1722
,,1723
,,1724
,,1725
,,1726
,,1727
,,1728
,,1729
,,1730
,,1731
,,1732
,,1733
,,1734
,,1735
,,1736
,,1737
,,1738
,,1739
,,1740
,,1741
,,1742
,,1743
,,1744
,,1745
,,1746
,,1747
,,1748
,,1749
,,1750
,,1751
,,1752
,,1753
,,1754
,,1755
,,1756
,,1757
,,1758
,,1759
,,1760
,,1761
,,1762
,,1763
,,1764
,,1765
,,1766
,,1767
,,1768
,,1769
,,1770
,,1771
,,1772
,,1773
,,1774
,,1775
,,1776
,,1777
,,1778
,,1779
,,1780
,,1781
,,1782
,,1783
,,1784
,,1785
,,1786
,,1787
,,1788
,,1789
,,1790
,,1791
,,1792
,,1793
,,1794
,,1795
,,1796
,,1797
,,1798
,,1799
,,1800
,,1801
,,1802
,,1803
,,1804
,,1805
,,1806
,,1807
,,1808
,,1809
,,1810
,,1811
,,1812
,,1813
,,1814
,,1815
,,1816
,,1817
,,1818
,,1819
,,1820
,,1821
,,1822
,,1823
,,1824
,,1825
,,1826
,,1827
,,1828
,,1829
,,1830
,,1831
,,1832
,,1833
,,1834
,,1835
,,1836
,,1837
,,1838
,,1839
,,1840
,,1841
,,1842
,,1843
,,1844
,,1845
,,1846
,,1847
,,1848
,,1849
,,1850
,,1851
,,1852
,,1853
,,1854
,,1855
,,1856
,,1857
,,1858
,,1859
,,1860
,,1861
,,1862
,,1863
,,1864
,,1865
,,1866
,,1867
,,1868
,,1869
,,1870
,,1871
,,1872
,,1873
,,1874
,,1875
,,1876
,,1877
,,1878
,,1879
,,1880
,,1881
,,1882
,,1883
,,1884
,,1885
,,1886
,,1887
,,1888
,,1889
,,1890
,,1891
,,1892
,,1893
,,1894
,,1895
,,1896
,,1897
,,1898
,,1899
,,1900
,,1901
,,1902
,,1903
,,1904
,,1905
,,1906
,,1907
,,1908
,,1909
,,1910
,,1911
,,1912
,,1913
,,1914
,,1915
,,1916
,,1917
,,1918
,,1919
,,1920
,,1921
,,1922
,,1923
,,1924
,,1925
,,1926
,,1927
,,1928
,,1929
,,1930
,,1931
,,1932
,,1933
,,1934
,,1935
,,1936
,,1937
,,1938
,,1939
,,1940
,,1941
,,1942
,,1943
,,1944
,,1945
,,1946
,,1947
,,1948
,,1949
,,1950
,,1951
,,1952
,,1953
,,1954
,,1955
,,1956
,,1957
,,1958
,,1959
,,1960
,,1961
,,1962
,,1963
,,1964
,,1965
,,1966
,,1967
,,1968
,,1969
,,1970
,,1971
,,1972
,,1973
,,1974
,,1975
,,1976
,,1977
,,1978
,,1979
,,1980
,,1981
,,1982
,,1983
,,1984
,,1985
,,1986
,,1987
,,1988
,,1989
,,1990
,,1991
,,1992
,,1993
,,1994
,,1995
,,1996
,,1997
,,1998
,,1999
,,2000
,,2001
,,2002
,,2003
,,2004
,,2005
,,2006
,,2007
,,2008
,,2009
,,2010
,,2011
,,2012
,,2013
,,2014
,,2015
,,2016
,,2017
,,2018
,,2019
,,2020
,,2021
,,2022
,,2023
,,2024
,,2025
,,2026
,,2027
,,2028
,,2029
,,2030
,,2031
,,2032
,,2033
,,2034
,,2035
,,2036
,,2037
,,2038
,,2039
,,2040
,,2041
,,2042
,,2043
,,2044
,,2045
,,2046
,,2047
,,2048
,,2049
,,2050
,,2051
,,2052
,,2053
,,2054
,,2055
,,2056
,,2057
,,2058
,,2059
,,2060
,,2061
,,2062
,,2063
,,2064
,,2065
,,2066
,,2067
,,2068
,,2069
,,2070
,,2071
,,2072
,,2073
,,2074
,,2075
,,2076
,,2077
,,2078
,,2079
,,2080
,,2081
,,2082
,,2083
,,2084
,,2085
,,2086
,,2087
,,2088
,,2089
,,2090
,,2091
,,2092
,,2093
,,2094
,,2095
,,2096
,,2097
,,2098
,,2099
,,2100
,,2101
,,2102
,,2103
,,2104
,,2105
,,2106
,,2107
,,2108
,,2109
,,2110
,,2111
,,2112
,,2113
,,2114
,,2115
,,2116
,,2117
,,2118
,,2119
,,2120
,,2121
,,2122
,,2123
,,2124
,,2125
,,2126
,,2127
,,2128
,,2129
,,2130
,,2131
,,2132
,,2133
,,2134
,,2135
,,2136
,,2137
,,2138
,,2139
,,2140
,,2141
,,2142
,,2143
,,2144
,,2145
,,2146
,,2147
,,2148
,,2149
,,2150
,,2151
,,2152
,,2153
,,2154
,,2155
,,2156
,,2157
,,2158
,,2159
,,2160
,,2161
,,2162
,,2163
,,2164
,,2165
,,2166
,,2167
,,2168
,,2169
,,2170
,,2171
,,2172
,,2173
,,2174
,,2175
,,2176
,,2177
,,2178
,,2179
,,2180
,,2181
,,2182
,,2183
,,2184
,,2185
,,2186
,,2187
,,2188
,,2189
,,2190
,,2191
,,2192
,,2193
,,2194
,,2195
,,2196
,,2197
,,2198
,,2199
,,2200
,,2201
,,2202
,,2203
,,2204
,,2205
,,2206
,,2207
,,2208
,,2209
,,2210
,,2211
,,2212
,,2213
,,2214
,,2215
,,2216
,,2217
,,2218
,,2219
,,2220
,,2221
,,2222
,,2223
,,2224
,,2225
,,2226
,,2227
,,2228
,,2229
,,2230
,,2231
,,2232
,,2233
,,2234
,,2235
,,2236
,,2237
,,2238
,,2239
,,2240
,,2241
,,2242
,,2243
,,2244
,,2245
,,2246
,,2247
,,2248
,,2249
,,2250
,,2251
,,2252
,,2253
,,2254
,,2255
,,2256
,,2257
,,2258
,,2259
,,2260
,,2261
,,2262
,,2263
,,2264
,,2265
,,2266
,,2267
,,2268
,,2269
,,2270
,,2271
,,2272
,,2273
,,2274
,,2275
,,2276
,,2277
,,2278
,,2279
,,2280
,,2281
,,2282
,,2283
,,2284
,,2285
,,2286
,,2287
,,2288
,,2289
,,2290
,,2291
,,2292
,,2293
,,2294
,,2295
,,2296
,,2297
,,2298
,,2299
,,2300
,,2301
,,2302
,,2303
,,2304
,,2305
,,2306
,,2307
,,2308
,,2309
,,2310
,,2311
,,2312
,,2313
,,2314
,,2315
,,2316
,,2317
,,2318
,,2319
,,2320
,,2321
,,2322
,,2323
,,2324
,,2325
,,2326
,,2327
,,2328
,,2329
,,2330
,,2331
,,2332
,,2333
,,2334
,,2335
,,2336
,,2337
,,2338
,,2339
,,2340
,,2341
,,2342
,,2343
,,2344
,,2345
,,2346
,,2347
,,2348
,,2349
,,2350
,,2351
,,2352
,,2353
,,2354
,,2355
,,2356
,,2357
,,2358
,,2359
,,2360
,,2361
,,2362
,,2363
,,2364
,,2365
,,2366
,,2367
,,2368
,,2369
,,2370
,,2371
,,2372
,,2373
,,2374
,,2375
,,2376
,,2377
,,2378
,,2379
,,2380
,,2381
,,2382
,,2383
,,2384
,,2385
,,2386
,,2387
,,2388
,,2389
,,2390
,,2391
,,2392
,,2393
,,2394
,,2395
,,2396
,,2397
,,2398
,,2399
,,2400
,,2401
,,2402
,,2403
,,2404
,,2405
,,2406
,,2407
,,2408
,,2409
,,2410
,,2411
,,2412
,,2413
,,2414
,,2415
,,2416
,,2417
,,2418
,,2419
,,2420
,,2421
,,2422
,,2423
,,2424
,,2425
,,2426
,,2427
,,2428
,,2429
,,2430
,,2431
,,2432
,,2433
,,2434
,,2435
,,2436
,,2437
,,2438
,,2439
,,2440
,,2441
,,2442
,,2443
,,2444
,,2445
,,2446
,,2447
,,2448
,,2449
,,2450
,,2451
,,2452
,,2453
,,2454
,,2455
,,2456
,,2457
,,2458
,,2459
,,2460
,,2461
,,2462
,,2463
,,2464
,,2465
,,2466
,,2467
,,2468
,,2469
,,2470
,,2471
,,2472
,,2473
,,2474
,,2475
,,2476
,,2477
,,2478
,,2479
,,2480
,,2481
,,2482
,,2483
,,2484
,,2485
,,2486
,,2487
,,2488
,,2489
,,2490
,,2491
,,2492
,,2493
,,2494
,,2495
,,2496
,,2497
,,2498
,,2499
,,2500
,,2501
,,2502
,,2503
,,2504
,,2505
,,2506
,,2507
,,2508
,,2509
,,2510
,,2511
,,2512
,,2513
,,2514
,,2515
,,2516
,,2517
,,2518
,,2519
,,2520
,,2521
,,2522
,,2523
,,2524
,,2525
,,2526
,,2527
,,2528
,,2529
,,2530
,,2531
,,2532
,,2533
,,2534
,,2535
,,2536
,,2537
,,2538
,,2539
,,2540
,,2541
,,2542
,,2543
,,2544
,,2545
,,2546
,,2547
,,2548
,,2549
,,2550
,,2551
,,2552
,,2553
,,2554
,,2555
,,2556
,,2557
,,2558
,,2559
,,2560
,,2561
,,2562
,,2563
,,2564
,,2565
,,2566
,,2567
,,2568
,,2569
,,2570
,,2571
,,2572
,,2573
,,2574
,,2575
,,2576
,,2577
,,2578
,,2579
,,2580
,,2581
,,2582
,,2583
,,2584
,,2585
,,2586
,,2587
,,2588
,,2589
,,2590
,,2591
,,2592
,,2593
,,2594
,,2595
,,2596
,,2597
,,2598
,,2599
,,2600
,,2601
,,2602
,,2603
,,2604
,,2605
,,2606
,,2607
,,2608
,,2609
,,2610
,,2611
,,2612
,,2613
,,2614
,,2615
,,2616
,,2617
,,2618
,,2619
,,2620
,,2621
,,2622
,,2623
,,2624
,,2625
,,2626
,,2627
,,2628
,,2629
,,2630
,,2631
,,2632
,,2633
,,2634
,,2635
,,2636
,,2637
,,2638
,,2639
,,2640
,,2641
,,2642
,,2643
,,2644
,,2645
,,2646
,,2647
,,2648
,,2649
,,2650
,,2651
,,2652
,,2653
,,2654
,,2655
,,2656
,,2657
,,2658
,,2659
,,2660
,,2661
,,2662
,,2663
,,2664
,,2665
,,2666
,,2667
,,2668
,,2669
,,2670
,,2671
,,2672
,,2673
,,2674
,,2675
,,2676
,,2677
,,2678
,,2679
,,2680
,,2681
,,2682
,,2683
,,2684
,,2685
,,2686
,,2687
,,2688
,,2689
,,2690
,,2691
,,2692
,,2693
,,2694
,,2695
,,2696
,,2697
,,2698
,,2699
,,2700
,,2701
,,2702
,,2703
,,2704
,,2705
,,2706
,,2707
,,2708
,,2709
,,2710
,,2711
,,2712
,,2713
,,2714
,,2715
,,2716
,,2717
,,2718
,,2719
,,2720
,,2721
,,2722
,,2723
,,2724
,,2725
,,2726
,,2727
,,2728
,,2729
,,2730
,,2731
,,2732
,,2733
,,2734
,,2735
,,2736
,,2737
,,2738
,,2739
,,2740
,,2741
,,2742
,,2743
,,2744
,,2745
,,2746
,,2747
,,2748
,,2749
,,2750
,,2751
,,2752
,,2753
,,2754
,,2755
,,2756
,,2757
,,2758
,,2759
,,2760
,,2761
,,2762
,,2763
,,2764
,,2765
,,2766
,,2767
,,2768
,,2769
,,2770
,,2771
,,2772
,,2773
,,2774
,,2775
,,2776
,,2777
,,2778
,,2779
,,2780
,,2781
,,2782
,,2783
,,2784
,,2785
,,2786
,,2787
,,2788
,,2789
,,2790
,,2791
,,2792
,,2793
,,2794
,,2795
,,2796
,,2797
,,2798
,,2799
,,2800
,,2801
,,2802
,,2803
,,2804
,,2805
,,2806
,,2807
,,2808
,,2809
,,2810
,,2811
,,2812
,,2813
,,2814
,,2815
,,2816
,,2817
,,2818
,,2819
,,2820
,,2821
,,2822
,,2823
,,2824
,,2825
,,2826
,,2827
,,2828
,,2829
,,2830
,,2831
,,2832
,,2833
,,2834
,,2835
,,2836
,,2837
,,2838
,,2839
,,2840
,,2841
,,2842
,,2843
,,2844
,,2845
,,2846
,,2847
,,2848
,,2849
,,2850
,,2851
,,2852
,,2853
,,2854
,,2855
,,2856
,,2857
,,2858
,,2859
,,2860
,,2861
,,2862
,,2863
,,2864
,,2865
,,2866
,,2867
,,2868
,,2869
,,2870
,,2871
,,2872
,,2873
,,2874
,,2875
,,2876
,,2877
,,2878
,,2879
,,2880
,,2881
,,2882
,,2883
,,2884
,,2885
,,2886
,,2887
,,2888
,,2889
,,2890
,,2891
,,2892
,,2893
,,2894
,,2895
,,2896
,,2897
,,2898
,,2899
,,2900
,,2901
,,2902
,,2903
,,2904
,,2905
,,2906
,,2907
,,2908
,,2909
,,2910
,,2911
,,2912
,,2913
,,2914
,,2915
,,2916
,,2917
,,2918
,,2919
,,2920
,,2921
,,2922
,,2923
,,2924
,,2925
,,2926
,,2927
,,2928
,,2929
,,2930
,,2931
,,2932
,,2933
,,2934
,,2935
,,2936
,,2937
,,2938
,,2939
,,2940
,,2941
,,2942
,,2943
,,2944
,,2945
,,2946
,,2947
,,2948
,,2949
,,2950
,,2951
,,2952
,,2953
,,2954
,,2955
,,2956
,,2957
,,2958
,,2959
,,2960
,,2961
,,2962
,,2963
,,2964
,,2965
,,2966
,,2967
,,2968
,,2969
,,2970
,,2971
,,2972
,,2973
,,2974
,,2975
,,2976
,,2977
,,2978
,,2979
,,2980
,,2981
,,2982
,,2983
,,2984
,,2985
,,2986
,,2987
,,2988
,,2989
,,2990
,,2991
,,2992
,,2993
,,2994
,,2995
,,2996
,,2997
,,2998
,,2999
,,3000
,,3001
,,3002
,,3003
,,3004
,,3005
,,3006
,,3007
,,3008
,,3009
,,3010
,,3011
,,3012
,,3013
,,3014
,,3015
,,3016
,,3017
,,3018
,,3019
,,3020
,,3021
,,3022
,,3023
,,3024
,,3025
,,3026
,,3027
,,3028
,,3029
,,3030
,,3031
,,3032
,,3033
,,3034
,,3035
,,3036
,,3037
,,3038
,,3039
,,3040
,,3041
,,3042
,,3043
,,3044
,,3045
,,3046
,,3047
,,3048
,,3049
,,3050
,,3051
,,3052
,,3053
,,3054
,,3055
,,3056
,,3057
,,3058
,,3059
,,3060
,,3061
,,3062
,,3063
,,3064
,,3065
,,3066
,,3067
,,3068
,,3069
,,3070
,,3071
,,3072
,,3073
,,3074
,,3075
,,3076
,,3077
,,3078
,,3079
,,3080
,,3081
,,3082
,,3083
,,3084
,,3085
,,3086
,,3087
,,3088
,,3089
,,3090
,,3091
,,3092
,,3093
,,3094
,,3095
,,3096
,,3097
,,3098
,,3099
,,3100
,,3101
,,3102
,,3103
,,3104
,,3105
,,3106
,,3107
,,3108
,,3109
,,3110
,,3111
,,3112
,,3113
,,3114
,,3115
,,3116
,,3117
,,3118
,,3119
,,3120
,,3121
,,3122
,,3123
,,3124
,,3125
,,3126
,,3127
,,3128
,,3129
,,3130
,,3131
,,3132
,,3133
,,3134
,,3135
,,3136
,,3137
,,3138
,,3139
,,3140
,,3141
,,3142
,,3143
,,3144
,,3145
,,3146
,,3147
,,3148
,,3149
,,3150
,,3151
,,3152
,,3153
,,3154
,,3155
,,3156
,,3157
,,3158
,,3159
,,3160
,,3161
,,3162
,,3163
,,3164
,,3165
,,3166
,,3167
,,3168
,,3169
,,3170
,,3171
,,3172
,,3173
,,3174
,,3175
,,3176
,,3177
,,3178
,,3179
,,3180
,,3181
,,3182
,,3183
,,3184
,,3185
,,3186
,,3187
,,3188
,,3189
,,3190
,,3191
,,3192
,,3193
,,3194
,,3195
,,3196
,,3197
,,3198
,,3199
,,3200
,,3201
,,3202
,,3203
,,3204
,,3205
,,3206
,,3207
,,3208
,,3209
,,3210
,,3211
,,3212
,,3213
,,3214
,,3215
,,3216
,,3217
,,3218
,,3219
,,3220
,,3221
,,3222
,,3223
,,3224
,,3225
,,3226
,,3227
,,3228
,,3229
,,3230
,,3231
,,3232
,,3233
,,3234
,,3235
,,3236
,,3237
,,3238
,,3239
,,3240
,,3241
,,3242
,,3243
,,3244
,,3245
,,3246
,,3247
,,3248
,,3249
,,3250
,,3251
,,3252
,,3253
,,3254
,,3255
,,3256
,,3257
,,3258
,,3259
,,3260
,,3261
,,3262
,,3263
,,3264
,,3265
,,3266
,,3267
,,3268
,,3269
,,3270
,,3271
,,3272
,,3273
,,3274
,,3275
,,3276
,,3277
,,3278
,,3279
,,3280
,,3281
,,3282
,,3283
,,3284
,,3285
,,3286
,,3287
,,3288
,,3289
,,3290
,,3291
,,3292
,,3293
,,3294
,,3295
,,3296
,,3297
,,3298
,,3299
,,3300
,,3301
,,3302
,,3303
,,3304
,,3305
,,3306
,,3307
,,3308
,,3309
,,3310
,,3311
,,3312
,,3313
,,3314
,,3315
,,3316
,,3317
,,3318
,,3319
,,3320
,,3321
,,3322
,,3323
,,3324
,,3325
,,3326
,,3327
,,3328
,,3329
,,3330
,,3331
,,3332
,,3333
,,3334
,,3335
,,3336
,,3337
,,3338
,,3339
,,3340
,,3341
,,3342
,,3343
,,3344
,,3345
,,3346
,,3347
,,3348
,,3349
,,3350
,,3351
,,3352
,,3353
,,3354
,,3355
,,3356
,,3357
,,3358
,,3359
,,3360
,,3361
,,3362
,,3363
,,3364
,,3365
,,3366
,,3367
,,3368
,,3369
,,3370
,,3371
,,3372
,,3373
,,3374
,,3375
,,3376
,,3377
,,3378
,,3379
,,3380
,,3381
,,3382
,,3383
,,3384
,,3385
,,3386
,,3387
,,3388
,,3389
,,3390
,,3391
,,3392
,,3393
,,3394
,,3395
,,3396
,,3397
,,3398
,,3399
,,3400
,,3401
,,3402
,,3403
,,3404
,,3405
,,3406
,,3407
,,3408
,,3409
,,3410
,,3411
,,3412
,,3413
,,3414
,,3415
,,3416
,,3417
,,3418
,,3419
,,3420
,,3421
,,3422
,,3423
,,3424
,,3425
,,3426
,,3427
,,3428
,,3429
,,3430
,,3431
,,3432
,,3433
,,3434
,,3435
,,3436
,,3437
,,3438
,,3439
,,3440
,,3441
,,3442
,,3443
,,3444
,,3445
,,3446
,,3447
,,3448
,,3449
,,3450
,,3451
,,3452
,,3453
,,3454
,,3455
,,3456
,,3457
,,3458
,,3459
,,3460
,,3461
,,3462
,,3463
,,3464
,,3465
,,3466
,,3467
,,3468
,,3469
,,3470
,,3471
,,3472
,,3473
,,3474
,,3475
,,3476
,,3477
,,3478
,,3479
,,3480
,,3481
,,3482
,,3483
,,3484
,,3485
,,3486
,,3487
,,3488
,,3489
,,3490
,,3491
,,3492
,,3493
,,3494
,,3495
,,3496
,,3497
,,3498
,,3499
,,3500
,,3501
,,3502
,,3503
,,3504
,,3505
,,3506
,,3507
,,3508
,,3509
,,3510
,,3511
,,3512
,,3513
,,3514
,,3515
,,3516
,,3517
,,3518
,,3519
,,3520
,,3521
,,3522
,,3523
,,3524
,,3525
,,3526
,,3527
,,3528
,,3529
,,3530
,,3531
,,3532
,,3533
,,3534
,,3535
,,3536
,,3537
,,3538
,,3539
,,3540
,,3541
,,3542
,,3543
,,3544
,,3545
,,3546
,,3547
,,3548
,,3549
,,3550
,,3551
,,3552
,,3553
,,3554
,,3555
,,3556
,,3557
,,3558
,,3559
,,3560
,,3561
,,3562
,,3563
,,3564
,,3565
,,3566
,,3567
,,3568
,,3569
,,3570
,,3571
,,3572
,,3573
,,3574
,,3575
,,3576
,,3577
,,3578
,,3579
,,3580
,,3581
,,3582
,,3583
,,3584
,,3585
,,3586
,,3587
,,3588
,,3589
,,3590
,,3591
,,3592
,,3593
,,3594
,,3595
,,3596
,,3597
,,3598
,,3599
,,3600
,,3601
,,3602
,,3603
,,3604
,,3605
,,3606
,,3607
,,3608
,,3609
,,3610
,,3611
,,3612
,,3613
,,3614
,,3615
,,3616
,,3617
,,3618
,,3619
,,3620
,,3621
,,3622
,,3623
,,3624
,,3625
,,3626
,,3627
,,3628
,,3629
,,3630
,,3631
,,3632
,,3633
,,3634
,,3635
,,3636
,,3637
,,3638
,,3639
,,3640
,,3641
,,3642
,,3643
,,3644
,,3645
,,3646
,,3647
,,3648
,,3649
,,3650
,,3651
,,3652
,,3653
,,3654
,,3655
,,3656
,,3657
,,3658
,,3659
,,3660
,,3661
,,3662
,,3663
,,3664
,,3665
,,3666
,,3667
,,3668
,,3669
,,3670
,,3671
,,3672
,,3673
,,3674
,,3675
,,3676
,,3677
,,3678
,,3679
,,3680
,,3681
,,3682
,,3683
,,3684
,,3685
,,3686
,,3687
,,3688
,,3689
,,3690
,,3691
,,3692
,,3693
,,3694
,,3695
,,3696
,,3697
,,3698
,,3699
,,3700
,,3701
,,3702
,,3703
,,3704
,,3705
,,3706
,,3707
,,3708
,,3709
,,3710
,,3711
,,3712
,,3713
,,3714
,,3715
,,3716
,,3717
,,3718
,,3719
,,3720
,,3721
,,3722
,,3723
,,3724
,,3725
,,3726
,,3727
,,3728
,,3729
,,3730
,,3731
,,3732
,,3733
,,3734
,,3735
,,3736
,,3737
,,3738
,,3739
,,3740
,,3741
,,3742
,,3743
,,3744
,,3745
,,3746
,,3747
,,3748
,,3749
,,3750
,,3751
,,3752
,,3753
,,3754
,,3755
,,3756
,,3757
,,3758
,,3759
,,3760
,,3761
,,3762
,,3763
,,3764
,,3765
,,3766
,,3767
,,3768
,,3769
,,3770
,,3771
,,3772
,,3773
,,3774
,,3775
,,3776
,,3777
,,3778
,,3779
,,3780
,,3781
,,3782
,,3783
,,3784
,,3785
,,3786
,,3787
,,3788
,,3789
,,3790
,,3791
,,3792
,,3793
,,3794
,,3795
,,3796
,,3797
,,3798
,,3799
,,3800
,,3801
,,3802
,,3803
,,3804
,,3805
,,3806
,,3807
,,3808
,,3809
,,3810
,,3811
,,3812
,,3813
,,3814
,,3815
,,3816
,,3817
,,3818
,,3819
,,3820
,,3821
,,3822
,,3823
,,3824
,,3825
,,3826
,,3827
,,3828
,,3829
,,3830
,,3831
,,3832
,,3833
,,3834
,,3835
,,3836
,,3837
,,3838
,,3839
,,3840
,,3841
,,3842
,,3843
,,3844
,,3845
,,3846
,,3847
,,3848
,,3849
,,3850
,,3851
,,3852
,,3853
,,3854
,,3855
,,3856
,,3857
,,3858
,,3859
,,3860
,,3861
,,3862
,,3863
,,3864
,,3865
,,3866
,,3867
,,3868
,,3869
,,3870
,,3871
,,3872
,,3873
,,3874
,,3875
,,3876
,,3877
,,3878
,,3879
,,3880
,,3881
,,3882
,,3883
,,3884
,,3885
,,3886
,,3887
,,3888
,,3889
,,3890
,,3891
,,3892
,,3893
,,3894
,,3895
,,3896
,,3897
,,3898
,,3899
,,3900
,,3901
,,3902
,,3903
,,3904
,,3905
,,3906
,,3907
,,3908
,,3909
,,3910
,,3911
,,3912
,,3913
,,3914
,,3915
,,3916
,,3917
,,3918
,,3919
,,3920
,,3921
,,3922
,,3923
,,3924
,,3925
,,3926
,,3927
,,3928
,,3929
,,3930
,,3931
,,3932
,,3933
,,3934
,,3935
,,3936
,,3937
,,3938
,,3939
,,3940
,,3941
,,3942
,,3943
,,3944
,,3945
,,3946
,,3947
,,3948
,,3949
,,3950
,,3951
,,3952
,,3953
,,3954
,,3955
,,3956
,,3957
,,3958
,,3959
,,3960
,,3961
,,3962
,,3963
,,3964
,,3965
,,3966
,,3967
,,3968
,,3969
,,3970
,,3971
,,3972
,,3973
,,3974
,,3975
,,3976
,,3977
,,3978
,,3979
,,3980
,,3981
,,3982
,,3983
,,3984
,,3985
,,3986
,,3987
,,3988
,,3989
,,3990
,,3991
,,3992
,,3993
,,3994
,,3995
,,3996
,,3997
,,3998
,,3999
,,4000
,,4001
,,4002
,,4003
,,4004
,,4005
,,4006
,,4007
,,4008
,,4009
,,4010
,,4011
,,4012
,,4013
,,4014
,,4015
,,4016
,,4017
,,4018
,,4019
,,4020
,,4021
,,4022
,,4023
,,4024
,,4025
,,4026
,,4027
,,4028
,,4029
,,4030
,,4031
,,4032
,,4033
,,4034
,,4035
,,4036
,,4037
,,4038
,,4039
,,4040
,,4041
,,4042
,,4043
,,4044
,,4045
,,4046
,,4047
,,4048
,,4049
,,4050
,,4051
,,4052
,,4053
,,4054
,,4055
,,4056
,,4057
,,4058
,,4059
,,4060
,,4061
,,4062
,,4063
,,4064
,,4065
,,4066
,,4067
,,4068
,,4069
,,4070
,,4071
,,4072
,,4073
,,4074
,,4075
,,4076
,,4077
,,4078
,,4079
,,4080
,,4081
,,4082
,,4083
,,4084
,,4085
,,4086
,,4087
,,4088
,,4089
,,4090
,,4091
,,4092
,,4093
,,4094
,,4095
,,4096
,,4097
,,4098
,,4099
,,4100
,,4101
,,4102
,,4103
,,4104
,,4105
,,4106
,,4107
,,4108
,,4109
,,4110
,,4111
,,4112
,,4113
,,4114
,,4115
,,4116
,,4117
,,4118
,,4119
,,4120
,,4121
,,4122
,,4123
,,4124
,,4125
,,4126
,,4127
,,4128
,,4129
,,4130
,,4131
,,4132
,,4133
,,4134
,,4135
,,4136
,,4137
,,4138
,,4139
,,4140
,,4141
,,4142
,,4143
,,4144
,,4145
,,4146
,,4147
,,4148
,,4149
,,4150
,,4151
,,4152
,,4153
,,4154
,,4155
,,4156
,,4157
,,4158
,,4159
,,4160
,,4161
,,4162
,,4163
,,4164
,,4165
,,4166
,,4167
,,4168
,,4169
,,4170
,,4171
,,4172
,,4173
,,4174
,,4175
,,4176
,,4177
,,4178
,,4179
,,4180
,,4181
,,4182
,,4183
,,4184
,,4185
,,4186
,,4187
,,4188
,,4189
,,4190
,,4191
,,4192
,,4193
,,4194
,,4195
,,4196
,,4197
,,4198
,,4199
,,4200
,,4201
,,4202
,,4203
,,4204
,,4205
,,4206
,,4207
,,4208
,,4209
,,4210
,,4211
,,4212
,,4213
,,4214
,,4215
,,4216
,,4217
,,4218
,,4219
,,4220
,,4221
,,4222
,,4223
,,4224
,,4225
,,4226
,,4227
,,4228
,,4229
,,4230
,,4231
,,4232
,,4233
,,4234
,,4235
,,4236
,,4237
,,4238
,,4239
,,4240
,,4241
,,4242
,,4243
,,4244
,,4245
,,4246
,,4247
,,4248
,,4249
,,4250
,,4251
,,4252
,,4253
,,4254
,,4255
,,4256
,,4257
,,4258
,,4259
,,4260
,,4261
,,4262
,,4263
,,4264
,,4265
,,4266
,,4267
,,4268
,,4269
,,4270
,,4271
,,4272
,,4273
,,4274
,,4275
,,4276
,,4277
,,4278
,,4279
,,4280
,,4281
,,4282
,,4283
,,4284
,,4285
,,4286
,,4287
,,4288
,,4289
,,4290
,,4291
,,4292
,,4293
,,4294
,,4295
,,4296
,,4297
,,4298
,,4299
,,4300
,,4301
,,4302
,,4303
,,4304
,,4305
,,4306
,,4307
,,4308
,,4309
,,4310
,,4311
,,4312
,,4313
,,4314
,,4315
,,4316
,,4317
,,4318
,,4319
,,4320
,,4321
,,4322
,,4323
,,4324
,,4325
,,4326
,,4327
,,4328
,,4329
,,4330
,,4331
,,4332
,,4333
,,4334
,,4335
,,4336
,,4337
,,4338
,,4339
,,4340
,,4341
,,4342
,,4343
,,4344
,,4345
,,4346
,,4347
,,4348
,,4349
,,4350
,,4351
,,4352
,,4353
,,4354
,,4355
,,4356
,,4357
,,4358
,,4359
,,4360
,,4361
,,4362
,,4363
,,4364
,,4365
,,4366
,,4367
,,4368
,,4369
,,4370
,,4371
,,4372
,,4373
,,4374
,,4375
,,4376
,,4377
,,4378
,,4379
,,4380
,,4381
,,4382
,,4383
,,4384
,,4385
,,4386
,,4387
,,4388
,,4389
,,4390
,,4391
,,4392
,,4393
,,4394
,,4395
,,4396
,,4397
,,4398
,,4399
,,4400
,,4401
,,4402
,,4403
,,4404
,,4405
,,4406
,,4407
,,4408
,,4409
,,4410
,,4411
,,4412
,,4413
,,4414
,,4415
,,4416
,,4417
,,4418
,,4419
,,4420
,,4421
,,4422
,,4423
,,4424
,,4425
,,4426
,,4427
,,4428
,,4429
,,4430
,,4431
,,4432
,,4433
,,4434
,,4435
,,4436
,,4437
,,4438
,,4439
,,4440
,,4441
,,4442
,,4443
,,4444
,,4445
,,4446
,,4447
,,4448
,,4449
,,4450
,,4451
,,4452
,,4453
,,4454
,,4455
,,4456
,,4457
,,4458
,,4459
,,4460
,,4461
,,4462
,,4463
,,4464
,,4465
,,4466
,,4467
,,4468
,,4469
,,4470
,,4471
,,4472
,,4473
,,4474
,,4475
,,4476
,,4477
,,4478
,,4479
,,4480
,,4481
,,4482
,,4483
,,4484
,,4485
,,4486
,,4487
,,4488
,,4489
,,4490
,,4491
,,4492
,,4493
,,4494
,,4495
,,4496
,,4497
,,4498
,,4499
,,4500
,,4501
,,4502
,,4503
,,4504
,,4505
,,4506
,,4507
,,4508
,,4509
,,4510
,,4511
,,4512
,,4513
,,4514
,,4515
,,4516
,,4517
,,4518
,,4519
,,4520
,,4521
,,4522
,,4523
,,4524
,,4525
,,4526
,,4527
,,4528
,,4529
,,4530
,,4531
,,4532
,,4533
,,4534
,,4535
,,4536
,,4537
,,4538
,,4539
,,4540
,,4541
,,4542
,,4543
,,4544
,,4545
,,4546
,,4547
,,4548
,,4549
,,4550
,,4551
,,4552
,,4553
,,4554
,,4555
,,4556
,,4557
,,4558
,,4559
,,4560
,,4561
,,4562
,,4563
,,4564
,,4565
,,4566
,,4567
,,4568
,,4569
,,4570
,,4571
,,4572
,,4573
,,4574
,,4575
,,4576
,,4577
,,4578
,,4579
,,4580
,,4581
,,4582
,,4583
,,4584
,,4585
,,4586
,,4587
,,4588
,,4589
,,4590
,,4591
,,4592
,,4593
,,4594
,,4595
,,4596
,,4597
,,4598
,,4599
,,4600
,,4601
,,4602
,,4603
,,4604
,,4605
,,4606
,,4607
,,4608
,,4609
,,4610
,,4611
,,4612
,,4613
,,4614
,,4615
,,4616
,,4617
,,4618
,,4619
,,4620
,,4621
,,4622
,,4623
,,4624
,,4625
,,4626
,,4627
,,4628
,,4629
,,4630
,,4631
,,4632
,,4633
,,4634
,,4635
,,4636
,,4637
,,4638
,,4639
,,4640
,,4641
,,4642
,,4643
,,4644
,,4645
,,4646
,,4647
,,4648
,,4649
,,4650
,,4651
,,4652
,,4653
,,4654
,,4655
,,4656
,,4657
,,4658
,,4659
,,4660
,,4661
,,4662
,,4663
,,4664
,,4665
,,4666
,,4667
,,4668
,,4669
,,4670
,,4671
,,4672
,,4673
,,4674
,,4675
,,4676
,,4677
,,4678
,,4679
,,4680
,,4681
,,4682
,,4683
,,4684
,,4685
,,4686
,,4687
,,4688
,,4689
,,4690
,,4691
,,4692
,,4693
,,4694
,,4695
,,4696
,,4697
,,4698
,,4699
,,4700
,,4701
,,4702
,,4703
,,4704
,,4705
,,4706
,,4707
,,4708
,,4709
,,4710
,,4711
,,4712
,,4713
,,4714
,,4715
,,4716
,,4717
,,4718
,,4719
,,4720
,,4721
,,4722
,,4723
,,4724
,,4725
,,4726
,,4727
,,4728
,,4729
,,4730
,,4731
,,4732
,,4733
,,4734
,,4735
,,4736
,,4737
